,image_name,L_Lip_Con_Out,L_Lip_Con_Up,L_Lip_Con_Fr,R_Lip_Con_Out,R_Lip_Con_Up,R_Lip_Con_Bk,M_Lip_Up,M_Lip_Sd_L,M_Lip_Fr,Lip_L,Lip_Up,Lip_Fr,Lip_pressed_BS,Up_Lip_Thick,Low_Lip_Thick
0,3a9c9390-d9a2-42fe-b80d-64ccafc03d61U84l2rwsRBQifDiR.png,0.28483253339970105,1.0100044149322542,-0.5397610048401376,0.21708115483367418,1.0142559299428484,0.5350437905380687,0.26512620134770515,-0.6679284126434322,0.6558579466937182,0.004377433564513922,-0.2652843980996593,-0.3675426709289571,0.0024707242846488953,0.3485524924387917,0.6664874021328693
1,3bf11760-56b7-42fd-8151-0777031879e7VokrUA_udjAtJfIz.png,0.3209399429045021,0.9852503246231095,-0.5406260860813816,0.23353811751002063,0.9876886025185598,0.53683602162981,0.2252836526679971,-0.6590495919921393,0.6585647069830891,0.004200854804366827,-0.23363650141047998,-0.3911411437904846,0.002769218757748604,0.36079781148242773,0.6378254535338286
2,3aeb398a-f1c1-469e-9867-c4afde25f101WTmfeWEz4T0QeXga.png,0.33570770579644993,1.1170349129064192,-0.6228708726093757,0.2428042646988633,1.12056855929805,0.6185881385719796,0.25215293708384223,-0.6561664506058689,0.6649226633707883,0.004714541137218475,-0.3359421074788571,-0.37224649898624484,0.0029304949566721916,0.3066136049010737,0.6665538742560138
3,3bf4e71e-f3c6-4122-a7dd-c53d9ae5f53eUrRFtrwsRFoL8cQO.png,0.30093749455282115,1.2481820833642558,-0.6794231342010519,0.2274257205820973,1.2514496232850547,0.6752335030775072,0.3727434612014875,-0.6574178378821607,0.6461340439028742,0.0039015989750623703,-0.4704691306047408,-0.321692759950162,0.002725142054259777,0.23876648026823943,0.7167874116518504
4,3c401c12-f3c1-49c1-bb4e-d98e974395dfVvy70OX1BkqBOWZB.png,0.4439117514550093,0.740370486239911,-0.46009206559550364,0.4488642244055274,0.7393184374017778,0.46387049218284915,0.34385094906061653,-0.7693079377436636,0.6861856942854523,-0.0038711782544851303,0.0014964219648874177,-0.12045138180208248,-0.0027338210493326187,0.38506041755771037,0.6540294183865782
5,3c039f67-d3b0-4eac-b55b-2028d2448f53WRxmM7EWpjqOdh4q.png,0.28641170087003687,0.9830905302436435,-0.48775914816319954,0.19668951811188418,0.9880042171700012,0.48130789209055536,0.21737187533110358,-0.6820093379415271,0.6735107537389986,0.005043024197220802,-0.28696868184434976,-0.3544263518486037,0.003786783665418625,0.33033273468112867,0.6512292801990505
6,3b42c878-e7d5-493a-984b-c1707c1a540bUnYw2bwsRDDnlP4q.png,0.2985692527561783,1.0319427274687314,-0.5639522452905155,0.21363041920655945,1.0335331777711048,0.5610350206563481,0.23941207059919378,-0.6756818180239197,0.6672264436362383,0.0033348146826028824,-0.27038351555633255,-0.3567631549105652,0.002841563895344734,0.36324535507773703,0.6616695580406784
7,3b2c3dc2-54e2-4f1b-bf34-2e5e63dc0e19U8zJ17kTDCo7uvcp.png,0.27668148220846067,1.043311043443211,-0.550114824718591,0.18588954084137033,1.0476677633376141,0.544850630797626,0.21059474597513628,-0.6641531737864019,0.6785352974606749,0.0047027915716171265,-0.30413779614377034,-0.35268373358369054,0.003969880752265453,0.3587835287098855,0.652910470980288
8,3b014afe-0b58-48bd-ac05-914ba8154388VWL7KBQ1GDoG8j54.png,0.3062755900114178,1.3881231444044175,-0.7493007503384348,0.19763294332319514,1.3928016674728525,0.7436680240501161,0.4111369413754318,-0.6380372654116151,0.617452446370244,0.004713366739451885,-0.5941253358398697,-0.3426246868696232,0.004726468585431576,0.15573622417068123,0.7363565277388702
9,3c196c12-e922-4104-8b6a-794143e5f97eUoSJ_rkTDEYaNV7D.png,0.4013664327598514,1.0233840007443433,-0.6083313008954505,0.3205960919230577,1.0267258029360846,0.6058873494067214,0.33533083636045546,-0.6906739571671485,0.6771266826022853,0.002508712001144886,-0.2155393268786625,-0.35057467437672685,0.001156412996351719,0.3853112527708973,0.6846675278133176
10,3ba6c0cf-e56a-4bbf-8a12-d139dfe18cfeWBLcCY0jkEkHeLVl.png,0.44813882618689505,0.500961301815039,-0.2729474501677771,0.4904768154754642,0.4972605653138231,0.2820211049807071,0.23181813140153906,-0.8495614183440203,0.6920177539623964,-0.002837393432855606,0.12580435489130082,-0.08124274068021897,-0.002829447388648987,0.30155889530205116,0.5528726953172693
11,3b0d39c9-3eb3-4fa9-9238-d085dd2a5b6dVtiG0GxSUEvN8tfl.png,0.46702159386122233,0.357944545053968,-0.27947241271388634,0.4563861556529405,0.35977015921426414,0.27894095024728927,0.05361004610777087,-0.7674860002168415,0.7201381875492334,-0.0024844352155923843,0.3402592620773319,-0.18328386062240654,-8.814036846160889e-05,0.5470505583388743,0.5086991998149166
12,3b280d91-ac67-40ca-bb29-e9b46d0bdb79U8pi07wsRH8E5bSe.png,0.4321948382339773,0.9502480409259846,-0.5775064778327916,0.40430521248126006,0.9571296780319329,0.573588396874662,0.3175865823936448,-0.6979381794290545,0.650435609306216,0.00012802518904209137,-0.18903225821840408,-0.22883533000922363,0.001536690630018711,0.3409818296408602,0.6517679813637152
13,3be2ee48-341b-414c-bed2-f477223afb9aVAr1ZdaQwThPgU-b.png,0.38974121313387133,1.2920834625275148,-0.7373641809244162,0.26418415461176625,1.295592354828841,0.7342917847671515,0.3359801830965239,-0.6591422328833341,0.6472568904302705,0.003750341013073921,-0.4699894590239495,-0.35035718439197616,0.0033750878646969795,0.2233667183921284,0.6995018899620788
14,3ade0bb7-f68e-440c-828a-86ee43a5e3e8VjtiRmxSUB3S72vt.png,0.4185763017333448,1.0148376510651218,-0.6202562324452359,0.368986877302766,1.018922075966131,0.615337295163151,0.3246507913592467,-0.6821921689066883,0.6584267498577834,0.0014813467860221863,-0.2145278455017774,-0.3400525844693192,0.0024522244930267334,0.3270186694402639,0.666609267691971
15,3afe721f-2e3d-4867-b461-28699eaabfd7UUnhInfodDKH2QwI.png,0.46397125359916647,1.2572915885980223,-0.7950297981942853,0.46182460465723274,1.2627931851692296,0.7895871570217565,0.5345196564582011,-0.6816029924452307,0.6071658237261772,0.00019251089543104172,-0.4015319823305603,-0.22676350854158578,0.001534922979772091,0.20942256085920263,0.7450699152146001
16,3c1cafd1-d3fd-4740-bf1a-cdb7c072e229VoJ3tw_udjAwqcKN.png,0.31332224279114573,1.0427045682306328,-0.5705858279027964,0.24983818225705612,1.045675059067733,0.5665280925738827,0.24454190981418122,-0.6754063461675646,0.6807426114655719,0.004424252547323704,-0.2894608885358565,-0.34197653433442277,0.0028356555849313736,0.3271136827785952,0.6538383110325334
17,3ab5f86c-7d91-49c1-85ac-f2464a3ffbfcVQFTJe1NjnfWA4Xu.png,0.4260437262325878,0.8809242110152269,-0.5418170275211338,0.4112611904836596,0.8820505221243025,0.5427247809312306,0.41123605219304693,-0.7582449487793443,0.6783848930759415,-0.002721017226576805,-0.13002222613799574,-0.06884850993633407,-0.001351349987089634,0.3409856301743943,0.6869580463900569
18,3afe01e9-e6be-4338-8f43-0fd7e89d4824VdvySU7sU3zNLeOm.png,0.365207572960049,1.1168554457516677,-0.6373871685948345,0.3244828815355296,1.121038887013924,0.6342682209806441,0.32022839832514194,-0.6636884988400933,0.6552848541243073,0.0027142390608787537,-0.33877842639136446,-0.3313400328221334,0.0027678627520799637,0.2946153205370905,0.6864165755535971
19,3aa12375-55b6-45e7-88a2-94a1a20f4694V4dpJtFH7Huyn_Nv.png,0.29733138922297897,0.9761593849570858,-0.4856371775848842,0.1624307533650997,0.9803613917870564,0.4805941030843215,0.13447422043532242,-0.6785183938828707,0.6873946343572133,0.005811141803860664,-0.26725522263812707,-0.3791559885017879,0.00509199034422636,0.3710364488205897,0.6312751797321461
20,3b5d9f0e-6d93-4cbe-b28b-6cd4aba15119UxWuttaQwQaLZhM_.png,0.39272940551483604,1.187002349165212,-0.6817817413520828,0.33267315720909796,1.1900285367054977,0.6789886539363863,0.334920722632404,-0.6590035166282648,0.6387393345321417,0.00320234103128314,-0.3952910379587422,-0.3432604268250472,0.002654016949236393,0.2414002500066701,0.6775273139187092
21,3bad58b1-ca1e-4935-a556-598da2c47302UR0XsCo2N0aSbYkE.png,0.41743318824836617,0.7511261384792363,-0.4622993805115243,0.4159879953085781,0.7553157682640688,0.4603015471516869,0.3059871991187322,-0.7503817467870713,0.6910245663873553,-0.0012211743742227554,-0.01752359897780309,-0.16282415141177253,-5.497969686985016e-05,0.44160855599665183,0.6457757964292767
22,3bb7b4f0-e47b-4b3e-b273-7120810ff558VToahJ3KYn0SZrqW.png,0.54808484479332,0.91337063488794,-0.6274251568121869,0.5522293952896593,0.9151714949579315,0.630714793101788,0.3286630706653,-0.7327682135374545,0.6723728667731272,-0.0026426250115036964,-0.0634730081247099,-0.2767149676198972,-0.0010612253099679947,0.4056973146424241,0.6562174591068022
23,3b4fa150-245b-466b-b5e3-ba228ee2021cWBTXvZ3KYndwiy7F.png,0.30399445713007456,0.96047148022366,-0.4937410103784785,0.1979920765704808,0.965187134427552,0.48907810610949554,0.17767628407060698,-0.6650276253731251,0.6601320243991609,0.004740078933537006,-0.24040404175686803,-0.3986950080995566,0.004437552765011787,0.3684216817498154,0.6324176693487189
24,3c26a942-08f9-437f-8545-0e2155128b29We8D-tQbZA_AaNCb.png,0.35574377513298394,1.4330023101348957,-0.7973845260572432,0.2803100015282034,1.4361398910815808,0.7938776496353128,0.4601728727921852,-0.6427349918730254,0.6139091265202747,0.004597843624651432,-0.6109294826321587,-0.3506853082399388,0.003497728146612644,0.14710901305055302,0.7483256644128566
25,3bf16027-5a1e-41c7-aef6-07d11b60b4a7WgRhKEDBKxB2pEwq.png,0.3324546208075585,0.8971381401677263,-0.4988112398955806,0.23442958301746852,0.9001519506628597,0.4950483304605484,0.11637453457087332,-0.6698478926959037,0.6896740387396214,0.004749399609863758,-0.1556481589596288,-0.37913494108391,0.003351130522787571,0.41915120334958544,0.6054133693206332
26,3afd6c5e-98f2-4198-b01d-396cea09e33dV7Kdo2SBJ3U4iXl6.png,0.3561283788233398,1.1773791965575242,-0.6700507742061603,0.2587416303365826,1.1807581298847225,0.6660706246387917,0.33998904478818304,-0.6482321749140025,0.6268397545207733,0.004244618117809296,-0.38322104111599486,-0.3701493126816757,0.0028782812878489494,0.27614472756624053,0.6774206815544979
27,3b65d8a0-ab47-4fbe-8459-c2e2b1bf2961V5uWsDELxkhqBmnt.png,0.32741503894174073,1.1540608434863202,-0.6257919765316231,0.24493512196609402,1.1588136288256692,0.6203338182067881,0.2891588658112241,-0.6508501378762723,0.6467901182017908,0.004749202635139227,-0.3899051603178947,-0.36777527188039016,0.0035598762333393097,0.29236920521902476,0.6746828609824185
28,3a9dcb78-03d1-4630-80dd-40d3904c66f1U8p9JrkTDCIyej3d.png,0.33544383200624583,0.6153004449529647,-0.351638808816908,0.30857811806493984,0.6185803619189301,0.3473871090841314,0.09665148186623895,-0.7142233697414397,0.7256730689073798,0.002651037648320198,0.09575188759040998,-0.36831872700357593,0.0013121860101819038,0.5278844677314751,0.5749026647965927
29,3bd580f9-e367-4384-8518-3a7c2fff6c94VTNbX5krTAgAm2Rc.png,0.3766993274643422,1.1936611994583615,-0.673650753541942,0.29855855517008845,1.197250542553192,0.6692593994383813,0.34451738386869124,-0.6640825902502536,0.6445895464624165,0.004018127918243408,-0.3994673090045424,-0.3584750115647335,0.003093547187745571,0.2486326653201516,0.6888635805869114
30,3aec77f1-778c-46bf-8eeb-4dcfdedb4a4eVgepDlONuGT72qg8.png,0.3119738375350236,1.0894836103923353,-0.5654030990314496,0.2082780602998433,1.0932771747322079,0.5608332976763251,0.24097733799457188,-0.67201686594212,0.6628512319479576,0.005352236330509186,-0.3594043043653983,-0.34473158736705933,0.0031376583501696587,0.29095160621118055,0.6675426470878136
31,3ba71153-8777-498e-beca-efdcf443f3faWGcwQ7q9v_cDAUnC.png,0.39306459654563675,1.1332921617169376,-0.6595379035165294,0.29176762563878267,1.1355819150705457,0.6580560154709829,0.29604877644240446,-0.657216380706072,0.6380863720480789,0.0031938995234668255,-0.33155206975030893,-0.37512729684877577,0.0026304051280021667,0.30188954171943294,0.6637869721300618
32,3aadf3ef-ba66-4184-bb96-4cf77af5dd49Uo8YTbkTDFshDeFM.png,0.27965592055016764,1.6768919849057227,-0.8697875587329875,0.14055469922119368,1.6805865328843623,0.8676151574096664,0.589177563563581,-0.6347678752303123,0.5945660853720902,0.00385893601924181,-0.8595557761280546,-0.32676788604593376,0.00440519955009222,0.059149464960569276,0.8215045478171703
33,3bb49d9f-828d-4702-ab56-9c7699f89a01UvowybkTDCaFkTGR.png,0.296178596969634,1.3031299753279768,-0.6879924815639242,0.19346801647239875,1.306539851268056,0.68377181613576,0.3534852040553105,-0.6463533784275057,0.6437140892161128,0.005103733390569687,-0.5405116090433566,-0.3350173944997792,0.004544246010482311,0.19801715972637624,0.7188702048437605
34,3afa7861-1e26-4ddd-8c3c-7c83a99d0dd3VkNWmGxSUGFhh3n1.png,0.2925826798170208,1.1164036836035365,-0.5871038365361656,0.18606273985424604,1.1200982315821761,0.5823633465056375,0.2177512305295437,-0.6518216418251992,0.6514645827521086,0.005577321629971266,-0.37614067147779195,-0.36932468564272014,0.004529223777353764,0.28175431506108595,0.6577006183545002
35,3c264c45-66ae-4f6f-b956-21cbc02f2080UsZ1krwsRGCmauv8.png,0.30570301445120585,1.0746373447294246,-0.5593358924784653,0.1980190752401354,1.0794767693848684,0.5535130810743567,0.21653114218860736,-0.6590790017988679,0.6597591252521866,0.005966785363852978,-0.33827268570291835,-0.3849656155138028,0.0047334106639027596,0.3161871488709451,0.6517056637482632
36,3b0b4b97-a14a-4d4f-809f-2c30f03cc7f0UynVc7kTDB-2GRtf.png,0.38203487587863183,0.6917658299179124,-0.3916614239109748,0.31906939356544584,0.6962648858315958,0.3872002426220149,0.06432768486737928,-0.7115632527228595,0.7235165812118041,0.003513095900416374,0.023655163468838225,-0.3671659761166577,0.002481818199157715,0.5003382006835935,0.5737740235390056
37,3aa31e41-9939-40bd-88cc-fbf86e6acbdeVYVgzBQ1GD85_RFS.png,0.3529252159028644,0.8583237265629862,-0.4589825892053838,0.2506629152036606,0.863101265992654,0.4538580496551958,0.15681516577065224,-0.6803246461794377,0.6753368704239726,0.0050117154605686665,-0.13001179849493383,-0.4112905385067478,0.0028672218322753906,0.42197119923114457,0.6066375642552373
38,3bc738f2-47ca-4edf-84df-e8eaa9e28b94VCgF2WSBJ0p5aJw3.png,0.376780832882166,1.1933208307166154,-0.6711718884605133,0.29309106986069633,1.1948741498835176,0.6696550868222673,0.32126735310286136,-0.6520843694319725,0.6468450935975909,0.004485749639570713,-0.4022879864524569,-0.37242297349000175,0.002659960649907589,0.2651535845885249,0.6777738147087113
39,3a9c7d4b-a7fa-4231-b47b-05e6075783ffVXA8gbieoRgEtcLQ.png,0.27251095186018937,1.4370991120810572,-0.7508563448574535,0.1585898105501533,1.4407441518790733,0.7463796464161874,0.4255968679034723,-0.642716365662098,0.637217657067298,0.004610024392604828,-0.6549237087051836,-0.32305814372539565,0.004175560548901558,0.13230593493914,0.7669392437296523
40,3c3968fd-203d-4396-ae1d-46408eea3d98VsXyXLwsRFYYSgN-.png,0.30929332810634325,0.5238835894413114,-0.2720086624530538,0.22190016266250634,0.5296760465736412,0.265514734211564,-0.060039303162696456,-0.6941541176300046,0.717282578782557,0.0046960050240159035,0.14912577859652032,-0.42526224623680164,0.003219778649508953,0.602287512708898,0.5145418224722746
41,3acd4ff9-c9d5-46a1-b6b2-de5807ef327fV34MAmxSUI3SiGg5.png,0.44760139983811964,0.5159127723617587,-0.3209070886681076,0.3992309908128675,0.5170081408579392,0.3229863870775702,0.15035587455391664,-0.7888914378806353,0.775391053505956,-0.003434839192777872,0.16721773930680683,-0.11541942989683207,-0.00026960670948028564,0.5252164931912375,0.591423757070185
42,3ba99b6d-bf8f-4e9f-9ce2-ed7a009c3d01WdcoxkKdkg_mmevu.png,0.2733922291904092,0.7583110131914736,-0.40343894251382295,0.2312483246780337,0.7632803968210311,0.3972359608781346,0.21758034980952345,-0.7059621550314423,0.7019221420149204,0.002688368782401085,-0.0421536918871368,-0.3428837320127496,0.001111661083996296,0.4848624281368217,0.634789893243493
43,3ac34b48-ff35-4f2f-872f-ae2f33ac630fU_t4wtaQwRU9TOCv.png,0.33045060634681533,1.3391409882052017,-0.7248883904676404,0.20423131630489255,1.3422661921067345,0.721707374244211,0.364958135597405,-0.6532578207204338,0.6350466475690588,0.0045674461871385574,-0.5474772746078926,-0.34258583009815347,0.004292454570531845,0.20412081658052728,0.7254731024096017
44,3c248124-49ba-4d41-8ab4-0300ded230eeU0PL0taQwRI4Bmnh.png,0.3840908500432372,1.0769518521733374,-0.6319251309819194,0.3668702834836539,1.0822430389769124,0.625586374263527,0.43669044424712666,-0.701376675999045,0.630676103603065,0.0007328968495130539,-0.29778214769827827,-0.25019306238269934,0.0013885591179132462,0.2471086513733809,0.709089108889998
45,3c24725f-24f1-4982-82dc-3234fad4cef7VNzNA7wsRGAwLqhj.png,0.3846664820566179,1.2042373845429495,-0.6757028969348653,0.2592087582624849,1.2071212360639691,0.6727430001318453,0.2518761103174114,-0.6420619974623918,0.635765476800918,0.0055021378211677074,-0.4162245314030599,-0.38562779966092187,0.004672086797654629,0.2540864309401485,0.6620365395538812
46,3a9d0806-d49d-4542-9ba6-aa25f8f387c1Vi8CAmxSUEr2GssU.png,0.36789317647734254,1.1677065357692271,-0.7067372015537003,0.3901813423901199,1.173022476663121,0.701061803096529,0.508614139303269,-0.685245887171984,0.6322346042103764,0.0008195401169359684,-0.3713387418483478,-0.1566178615243441,0.00044453516602516174,0.2416472846863229,0.741328088615834
47,3c1bbe47-1234-4b5c-bd04-71d9c5abac5dVOQQgLwsRD5S6LND.png,0.3226230297825632,1.0708994770927518,-0.5705353971577907,0.2189527229904531,1.0746744758648958,0.5656668906207045,0.2402288804408883,-0.6682078058073522,0.6644408507038353,0.004948267247527838,-0.32456554889964906,-0.36375413571071746,0.004203149117529392,0.3193149879686814,0.6800310972238783
48,3c2efbc7-8562-40a0-a400-b30ac12c0d78WTaUGWEz4T0Qw4e1.png,0.29449500068271117,1.6514447800679335,-0.8904020955760501,0.1450976074471475,1.65503412316275,0.8854133311085661,0.5092737388825412,-0.6271850467288491,0.609147531153976,0.0049520982429385185,-0.8276367607193009,-0.2907422621202489,0.005454993806779385,0.034449797528978365,0.8052410350207708
49,3abdb7a6-1329-4072-8b5d-03ecda0c70bfUxL07rkTDHfDM27G.png,0.3096977987422944,0.8145584948964171,-0.4362809953767055,0.22590717276626826,0.8190142311520674,0.43093533640610815,0.10575258901447171,-0.6730854222532505,0.6854352282692187,0.004740789532661438,-0.09888007013726252,-0.3940570206828138,0.003949316218495369,0.46190720559692267,0.5920870934657465
50,3ac55316-a54f-4118-8a83-261bce3830d0U-rx-rwsRARTS_KA.png,0.3889750622063275,1.166549282047285,-0.6674826854989533,0.2975815089739262,1.1697301826520032,0.6647400288282626,0.3388475615784543,-0.6604857708873748,0.6319436495212898,0.0035365205258131027,-0.3713752385990574,-0.3685540263419167,0.002396846190094948,0.2693493736090602,0.6753032674651145
51,3c240fc2-0df6-40bb-aa42-4e8a58e24eb5VeLpzwTnb1HAIjlt.png,0.3402154648109672,1.4941139705855875,-0.837147228850128,0.2321581289044916,1.4970411417646403,0.834648967328306,0.45483114148437664,-0.63816127676332,0.6255073791263701,0.003587396815419197,-0.6616078279070834,-0.30966011305189234,0.003182315267622471,0.11713420507502548,0.7550088824608316
52,3ad8b4e5-5fbc-4597-9e3b-1cfb1f00386eVjo0RuX1BlZcET7j.png,0.28731335455471285,0.9970889683134629,-0.5299696817328936,0.1766055643423794,1.0011053194661201,0.5244960062557453,0.21747782137751415,-0.6589432265244719,0.657617677995086,0.004741859156638384,-0.25814667642462297,-0.38703365923977096,0.004113701172173023,0.3632073497424102,0.6460195275474803
53,3ba8cecd-935e-4a83-b025-5045bc1c5bb9VRfoaBQ1GBtRpRbn.png,0.3011229193783702,1.174501533559095,-0.6421354172015157,0.21140379307338542,1.1774472703058763,0.6376548394721766,0.3471489469569917,-0.662694447372675,0.6432276088268747,0.0048947688192129135,-0.39429519804644286,-0.3462815408067712,0.0024817222729325294,0.25576626676177483,0.7059316830405606
54,3c03c810-0acb-4f58-a7b2-93a429f5c4e9WUdVgjELxhSc7xVl.png,0.3441093861474993,0.9652737737436325,-0.5608798491332507,0.3003165251507758,0.9675202074391933,0.5572488354928495,0.23371148977935263,-0.679109040834665,0.6878925247342575,0.0032231835648417473,-0.1898091176264245,-0.3525202113370902,0.0020391326397657394,0.3907802205250235,0.6496547217820279
55,3aa69b5c-bb00-4321-aec2-7bcee6e988d5WFJOzNFH7DqvB7ks.png,0.347570819360703,1.078214310779103,-0.5952348243463064,0.21831545250484297,1.0819831210286708,0.5911809683054656,0.2225495611476873,-0.6636708529560567,0.6553004131985904,0.004869794473052025,-0.30941418353247485,-0.37437390722417874,0.004299303516745567,0.32051975709867264,0.6531334295600075
56,3b9f0495-4aae-4882-be8b-9a60b0a32deaV5o--TELxjx7jlbV.png,0.46356576414549355,0.579258489462859,-0.3872351562147145,0.46689933573448616,0.5857440611238616,0.3826575962834369,0.12468959040701577,-0.7307060959223506,0.7035335434747925,-0.00012836791574954987,0.14649279872369902,-0.28101511699581216,0.00030576344579458237,0.5236240696408743,0.558587913071932
57,3adaa22e-0d6a-46e4-b645-f3d5a3896e33U98w_daQwUFY-zQU.png,0.4284802288166585,1.2152096350724833,-0.7515972888802267,0.35377592870140084,1.2185514372642103,0.7493085089145879,0.39199830073327036,-0.6555209053481814,0.628498351839303,0.0025223251432180405,-0.35758989447283795,-0.34935122575283195,0.0018947497010231018,0.2699688605749557,0.6993703305516838
58,3b79e4b5-14b7-4cd0-bf13-8f1f25dd0f4cVMM9ztaQwVSFOYRv.png,0.3483364608793851,0.717052133168707,-0.4188668711974586,0.3386464855178595,0.7217059021468231,0.4132341449091399,0.19611089614629407,-0.7204709930174351,0.7042477049843665,0.001319349743425846,0.012607075646045018,-0.3007079446473142,0.0009541204199194908,0.4809402775306637,0.6199583007665268
59,3c3a4489-4881-410f-8bcf-36e5927a0ce8U-hS_mSBJ0ex2DDX.png,0.27400453864180996,1.1535348190672465,-0.6071481180318585,0.18536892498502144,1.1577120718069125,0.6022990079351658,0.2545726080793145,-0.6562649734584092,0.6729340307189222,0.0052844989113509655,-0.4122098888246981,-0.31913684787130414,0.0043733809143304825,0.27372378770565575,0.6884841355506204
60,3ac53184-4fac-4fc3-be87-8a861bd2389fVtwvLmxSUEvP9j3Z.png,0.33210312869319303,1.1828498505158507,-0.6693214680476203,0.2611236261724832,1.1865072673590191,0.6660473489103325,0.33559057505488,-0.6599505124049188,0.6509941800729617,0.0029850490391254425,-0.38960275866913463,-0.336016877010346,0.0021780449897050858,0.2799224578981381,0.6926691096370234
61,3c1bd401-df43-40a6-b6de-6ff10e8fe66aVkavwmSBJzXDfTuN.png,0.4157832129462955,1.4304526388330459,-0.8641237981400494,0.32021607291245413,1.430551655194293,0.8642518146466003,0.4840038980060797,-0.6377000329611295,0.6077809257961508,0.0027925767935812473,-0.5543334499202928,-0.3296535410048982,0.002118421718478203,0.16348171151113178,0.7428181720430267
62,3b4f1d82-642f-4ed6-8eda-1a3715bf27d8U70Kn7wsRAJrC6mb.png,0.39065662085780506,1.0328648173327508,-0.618820895856615,0.35325684107163546,1.0365036686081908,0.6149416077792651,0.32830080353885904,-0.7027839352509977,0.6721342943007933,0.0006246110424399376,-0.23520586169111368,-0.28677779207563603,0.001697043888270855,0.3278243825492808,0.6811998987225287
63,3be2ba0d-49e3-477f-b095-1f47ca0adb8dWs3St8dBoQ_6bBVT.png,0.34105038593479975,0.6556186695439834,-0.36932060387348997,0.3192920052378776,0.6620609215469386,0.36257840119505147,0.14517477112293165,-0.7117539263031478,0.711177716669857,0.0020411619916558266,0.050704469568252364,-0.3451671070139426,0.0020434046164155006,0.5032532099034768,0.5959244737415332
64,3ac91554-8000-4c50-8146-6ba50a8bfd5bU8-WVbwsRFdOA378.png,0.3678850259355606,1.3158350121791358,-0.7634058417876943,0.2797868386275466,1.3173945198686141,0.7599028446538441,0.42386071978807394,-0.6440035348699089,0.6112205184842345,0.004325011745095253,-0.4859072561560822,-0.3493695747838039,0.002206234261393547,0.187383266900774,0.7274506480731979
65,3bab1875-75cb-4c6a-9c39-94a355f8f13bWqTu1DxxIV8mY8YK.png,0.3901991717002691,0.6603528893156181,-0.41086389989387584,0.41734760755965095,0.6631439129979668,0.40923071961331203,0.3552076817131038,-0.7558799101549383,0.7025050886647097,-0.0029292297549545765,0.05268572174978203,-0.11291964426565215,-0.001592240296304226,0.4985025429871044,0.6606517036550059
66,3af2cd30-430b-4a5e-81fc-2a7336e89a01Vkbdf4RXrxhWu7m1.png,0.35730715092861676,0.9006594095141907,-0.5205042188241507,0.32339580302530546,0.9048861704344802,0.5158917453001735,0.19276163403391422,-0.6817622955650089,0.6844311493421795,0.003311503678560257,-0.15083580168712274,-0.33759057625484523,0.002388976514339447,0.3932239635868058,0.6194528356634379
67,3b0aa2b7-0140-4aee-b50b-03956aa56204WN6Dz2SBJ_jWw_ZH.png,0.33200226573863656,1.2427547490639768,-0.6783912435724702,0.2148794897347095,1.2463564692039597,0.6742481639058582,0.29714583066493105,-0.6602230432806016,0.656460601504266,0.00483790785074234,-0.4579768142180427,-0.3456738640751844,0.003936167806386948,0.24475232058286167,0.6973553943188193
68,3ab61923-f486-404c-97b5-b46523fa466bVj6z3VONuG0a4Bc8.png,0.3162538907884951,1.2360649561579322,-0.6697869826168983,0.19459584769153615,1.239932782768733,0.6654770935629628,0.324585856685637,-0.6518167401907444,0.6385935978696935,0.004507235251367092,-0.46288823409962276,-0.3432733790822038,0.003799011930823326,0.24241119192647886,0.7058693654251087
69,3c3e1290-6031-4195-b2f6-2e4839ffbb04VfihtlONuBo7b2SS.png,0.3499482305168504,0.9713942225725702,-0.5340894856710392,0.2431481156803068,0.9759242210991488,0.5295196843159218,0.1723994874364152,-0.6647805829966069,0.6760702214584935,0.004587200004607439,-0.21947576213407416,-0.3933198213796629,0.0042328862473368645,0.38902057349920227,0.6232043561134937
70,3a9cee13-dd63-4288-81a1-e880a11a04c0VddHW4RXr2zDgCfP.png,0.46909488792711507,0.7523267118592258,-0.48458589051592327,0.41671950643354627,0.7561264647216888,0.4813622021236412,0.2259432522472693,-0.7336044323754312,0.6963068721063124,-0.00048089027404785156,0.02399406186830788,-0.3048645398397465,0.0005660541355609894,0.4606454284639341,0.6156113008799551
71,3b207661-7013-42a8-a071-d5462c3c9188U58Y9bkTDBgADXYh.png,0.3240992966628964,1.3693471669049302,-0.7468024888166198,0.19216392978721863,1.3735615507800674,0.7430783722623602,0.37262726231187315,-0.6373118235123156,0.6183247918016903,0.004996332339942455,-0.5641302205758052,-0.36901706953525704,0.004943630658090115,0.18439984807729104,0.7259439466152209
72,3c346e72-6ec5-467e-84e0-7e10efb4b57bVB035NaQwQt8CQS0.png,0.37489398245954497,1.356400777673258,-0.7633088595857629,0.23249281052643056,1.360379997690444,0.7582580265090471,0.37822873231410625,-0.6511368834918736,0.6315961635289788,0.00478290393948555,-0.5368932169012979,-0.3526464958443647,0.004737683571875095,0.17651374099612127,0.7179091287299393
73,3b29f9de-3211-483f-ac3e-e2cc29951743VjBa_YRXr2ZgHhSm.png,0.27166431433254434,1.123229624006271,-0.5812383529632115,0.15612936574959768,1.1273140489072802,0.5750237334632899,0.23980167864084478,-0.654320004906773,0.660058378114222,0.005849587731063366,-0.38407610784697255,-0.3657401484746945,0.004718621261417866,0.2798388461604091,0.6739585918073061
74,3aea9dc1-c920-462a-a0ca-00f344824f15VHtTyLkTDCGId4RS.png,0.3269066488980652,0.9010616634817126,-0.5023142370294309,0.2542201172828076,0.9032709660418163,0.49942028812372286,0.1288898385050885,-0.6710752619633675,0.696518475516557,0.003906077705323696,-0.16041359183835624,-0.37889208626222803,0.0035510901361703873,0.39073081358909434,0.6061958016034978
75,3c23d8cb-c636-4970-b0bf-ccb827ea19c7WTfZIO758TecHvl7.png,0.36769552583912013,1.388642980300915,-0.8005345079760531,0.29007689762780053,1.391334987622031,0.7973418538883905,0.47765055283576174,-0.6373608398568624,0.5967251662467117,0.004277672618627548,-0.5458870590411422,-0.35511444051003593,0.0021007973700761795,0.15890206860375145,0.7441019149212842
76,3c13057d-9a33-4ed2-b954-fb510eed7527UzZgxLkTDDJ2nwTz.png,0.40644371088141185,1.0704291493768778,-0.6514767428917878,0.4387142528421579,1.0726322634143912,0.6504332143989799,0.5475851963108767,-0.716532039569616,0.6248170748640298,-0.002288704738020897,-0.2827350587617161,-0.13006195661211173,-0.0015199948102235794,0.27013608405041367,0.7362318925079698
77,3c251e24-e0af-471c-a514-28f12263b061VSAYQBQ1GFFiRC5z.png,0.4873118582195932,0.04734878542257093,-0.11546387137949665,0.4498489117346107,0.04869169482184077,0.11745006687510084,-0.19029142319023862,-0.7967325825178619,0.823459257594763,-0.002293072175234556,0.6088179952837294,-0.1474260763623736,-9.13841649889946e-05,0.7896120100216848,0.4246950541890868
78,3ba2287b-88ab-4cb9-86aa-240f99a94a44UhdrN7wsRDuKNDvy.png,0.2847388021692039,1.2767173609681208,-0.6785270186551813,0.17096691765555683,1.2811792857463473,0.673313255479215,0.32091192120522294,-0.6368608731424805,0.633956475097655,0.005282447673380375,-0.5094633018301735,-0.36223224549484456,0.004843977279961109,0.21817899011945485,0.7003937242809535
79,3ab06171-a948-43ff-ace5-2701782081ddU9sT5mSBJ3ksSn4h.png,0.36803784859398014,1.3745022062118153,-0.7799044539806843,0.2545980986579659,1.3769652381975703,0.7774449853396419,0.4570457556158303,-0.6671676789760586,0.6527456132013789,0.0028875386342406273,-0.541815064425947,-0.31459384367370724,0.0026099029928445816,0.1979829549245835,0.7518666898062847
80,3aed9b08-b0d6-4372-8ada-efcdc5a4b992VHRYrdaQwV3w8WWE.png,0.3592719409070311,0.8846620786519139,-0.5206089596022352,0.278748153959155,0.8897614212555993,0.5141227899368985,0.2528364599639161,-0.6875065209825033,0.674574475784123,0.0031106541864573956,-0.11116383366274363,-0.373018777319194,0.0020295362919569016,0.3990615830936406,0.6315092169990528
81,3b463949-4e58-47a4-aacb-bdf2f43a768bU8ZUwdaQwX7n49_W.png,0.3236749590813517,0.7452470420308117,-0.40044801140618347,0.2876908265210094,0.7499750732798702,0.3947958886774785,0.1047922393679599,-0.6921562114262576,0.7136993239752645,0.003926856908947229,-0.039291303866981764,-0.376523981912138,0.0030422592535614967,0.45818268273448837,0.5831036629897355
82,3bf4babb-5b12-4d2c-8ae1-db8a6d0d216cVUGCLO1NjmMGmtGI.png,0.3692364876448515,1.5450640769643798,-0.8967020594136699,0.4080564993365998,1.5507884603483717,0.8914107104761584,0.81031088572621,-0.6834734561531546,0.5652704230411043,-0.0009649461135268211,-0.7203258859817936,-0.0776814096395988,9.938608855009079e-05,-0.0011421990084699019,0.8619666831105341
83,3bcc8da3-a43b-4728-83ee-72ccc120f2f1V87GStFH7HZH1QI7.png,0.31733230934807644,1.313879439044726,-0.6952195952520341,0.1983028159759339,1.3190963635773727,0.6899747977714554,0.3575179890477642,-0.641713491252661,0.6277930071384894,0.004913069307804108,-0.5496045137922749,-0.34350975777530834,0.004858247935771942,0.18710962848638957,0.7185489229152218
84,3bbd0552-ca20-4a0b-ad3a-d61d236d2ee0VvZuQlYy0DqJPBNi.png,0.3483874017655255,0.9633986514027129,-0.5552510021330122,0.3144388670153315,0.9664743471236363,0.5522251574326731,0.24436761147975972,-0.6815054499195812,0.6962653812415596,0.0030227815732359886,-0.18695194342780042,-0.349508811548235,0.0011934610083699226,0.37991449515389775,0.6429922762725369
85,3a9ebf97-444b-4cc1-901f-3f29ffacfe29V1zuQ2xSUDhfLhh7.png,0.27165412615531626,1.0297334249086418,-0.5348071539653532,0.1916555397435422,1.035228832957273,0.527168835741044,0.24114138348578962,-0.6675887293757201,0.6699290548391339,0.004904263652861118,-0.3038823188887818,-0.35146460237884725,0.004366179928183556,0.3181406231069559,0.6594496660947797
86,3c09a4d3-bd4e-44b2-bd2b-910d2d79b4caXCUMYM84dBMRpdKc.png,0.40544730714851607,1.0755099264128205,-0.662206853713748,0.44366876342812134,1.0810239000291944,0.6577223966963288,0.5028383709666144,-0.6930620334734918,0.6089851981456267,-0.0009450451470911503,-0.28973722107696176,-0.18367458704662454,-0.00032972171902656555,0.21784454316853896,0.715351336824714
87,3b107ccb-8cb7-4057-a14e-28423adca35fV5V8-GSBJ45Pcm6s.png,0.3019099560692311,1.148324083057176,-0.5935201790161102,0.19670225333341929,1.1550881382341487,0.5858702229275679,0.238981451184749,-0.650831511665344,0.6661067089236976,0.005505617707967758,-0.41491064837741476,-0.3611712397627844,0.00573318637907505,0.2860109126181598,0.6717636269075875
88,3ba48e23-0848-4d8f-892a-c74653d71713VhEv_07sU29u8G9a.png,0.3069948753237126,1.459625334262384,-0.7959685859090087,0.18665467295119154,1.4625153743059656,0.7925936052817093,0.43810533660888495,-0.6283908488047123,0.6015324015642403,0.004692518152296543,-0.6546525899856093,-0.3357934505743998,0.003959092311561108,0.13838678859209352,0.7590692213163379
89,3c0a8f39-f25b-4a9f-a4ae-98bb5412d0d1WiJ3f1PZaQvWUgAi.png,0.3684815437122584,1.0505268607683291,-0.602845987554069,0.32553277319887286,1.0539057940955274,0.5980977389473878,0.2910727298754452,-0.6799854530751706,0.6604914390150896,0.003087915014475584,-0.269935126904727,-0.3474019110507971,0.002223290503025055,0.29712747320246535,0.6717331605178138
90,3bb10bf2-67bd-43bb-a9ae-c4b2142bb6f8Wkd_WXLQ5Q_5MP7t.png,0.41452548246750265,1.0835921368987584,-0.6776386616854637,0.45594959225872156,1.0882768484897696,0.6723162784433327,0.4425755762445931,-0.688422636462092,0.6469737152783264,0.000940338708460331,-0.26443975901174355,-0.2716053021717091,0.00074785016477108,0.2954628395149683,0.7101457386808399
91,3b54bc90-92b6-42a8-bad8-f2a95062563eU7_wC7wsRE_jT3T6.png,0.3693770844905968,1.2289667207617896,-0.7100966650286935,0.30514521174797427,1.2305881136770296,0.7072027161229855,0.38591152948617946,-0.6614273748661281,0.6488024251423479,0.0036274706944823265,-0.41277298154997766,-0.3439549916150586,0.002020793966948986,0.2295273832492768,0.7060840149894361
92,3c3d5562-ea7f-4182-bab2-073453a96225U_MgTrwsRHZqlYzw.png,0.3314414065822362,0.46818069772315596,-0.24625794819557711,0.2285510047569277,0.4733604911203457,0.24110237434076964,-0.12376414127231072,-0.7023775897547004,0.7410682542742482,0.004183612298220396,0.20511179418933523,-0.41981366339302184,0.003123636357486248,0.6520022918553323,0.501726551064074
93,3afc26a6-bbc5-4107-a8f3-5d025aae4099V0UvFbwsRBJnIvdY.png,0.3363103364794853,1.0493262873883253,-0.5550609170172223,0.2142916319086554,1.0566658751649953,0.5488307803649874,0.16800785293191467,-0.6585447236433026,0.6763419866226315,0.005236426368355751,-0.3113589389632949,-0.37537015167045773,0.004578730091452599,0.35660962352895353,0.6304816687620871
94,3bac5652-8139-441e-b0a4-d4586a6e1789WpIfwHFwZRAJRKv_.png,0.3146940808548928,0.8922306417639305,-0.46355626984858134,0.20599438037419304,0.8958261733813373,0.4587071597518886,0.12404024367094024,-0.6799972169978616,0.6913725710154761,0.005092659965157509,-0.17676413615750874,-0.3870120721445094,0.004416385665535927,0.41157293948459284,0.6224953201332681
95,3c1f7c2b-8e0a-4841-a93f-2a2e1c7e8539U-3Zd7kTDBgyZeFu.png,0.28406026956582053,1.1949669777221743,-0.6256639600250722,0.19511646354788503,1.1980983701462833,0.6219320848946595,0.30905621685027995,-0.65516700734055,0.6458897664366354,0.0050874799489974976,-0.43604748086142564,-0.3661503032846465,0.003601795993745327,0.2659592976975418,0.6978857864680883
96,3c19d4bf-3229-4f83-859c-3646cbd9b635V6SQe7EWpos3xxAK.png,0.3182400759390891,1.156517686949499,-0.6211988994480393,0.21478372086876618,1.159680021986489,0.6177540916353479,0.2729730440109961,-0.6567242566068172,0.6553958421875237,0.004765637218952179,-0.39329414431261966,-0.36609741490125813,0.0034309932962059975,0.27571146674346636,0.6783582154580365
97,3b72b2e2-0c83-41a8-845c-1ef874c8ecfbUSUj4FYzZWfT-5-L.png,0.4512182027540508,0.8076211610872832,-0.530652436434508,0.45809063770318037,0.8109320206661295,0.5273899551614534,0.40267834573447914,-0.7468991355069878,0.6780270343674424,-0.004050201270729303,-0.029150420990468717,-0.15669179732561211,-0.0007346887141466141,0.391357901622051,0.693646803781629
98,3bc7c1ae-65ae-419c-b48b-24bbcb7ab843XMx7nP7_p1Gkr3PO.png,0.4226597231663165,1.2663949053092125,-0.73734478448403,0.2981607068493366,1.2684742488951741,0.7364680653785456,0.3768821922403589,-0.6696160453861948,0.6396189408649207,0.0036944616585969925,-0.4314801732008462,-0.3577016538770206,0.0028426991775631905,0.2544550826928571,0.7085642560843226
99,3b09297d-571f-4570-bb53-ead3fe8cb41bVBCHFtaQwVcLjAey.png,0.33445914467716165,1.1109392181677862,-0.6094446565736504,0.22823669948944403,1.114837987391482,0.6052627840262659,0.3283452325260612,-0.6786683838971852,0.6559414470590355,0.0041309380903840065,-0.33707350675094006,-0.35490774407291603,0.0024607451632618904,0.3094412018496939,0.6875978405753393
100,3be515c3-45fd-4d2c-81dd-c819eaeaeb6bU9CYWLwsRFdIMjEb.png,0.5059506190493108,0.2907433783872193,-0.25062990585875156,0.4385614301837384,0.2907433783872193,0.25642556224632074,-0.21506912759303987,-0.7496631671760081,0.7535077341632235,-0.0020200274884700775,0.4184613712109382,-0.22142933730268588,0.0006530750542879105,0.6269415737380939,0.40357907640302315
101,3b221f4a-f2ff-44c5-ba14-2cae351e2fabWaRBM9SP3hBLAEAm.png,0.30377948659056386,1.3130749311096679,-0.7091811530424366,0.21947537648224813,1.3167075938625459,0.7048247125315683,0.3937173607766624,-0.647531241186976,0.6388783289290654,0.004336921498179436,-0.5299796895520643,-0.3358053234767926,0.0037265969440340996,0.21225015780782286,0.7297051609165663
102,3be40083-f584-43ea-bc07-7331caa0d255VCqzfmSBJzPYfjGa.png,0.3766621406174595,1.4847136047906986,-0.8598992534238121,0.28852472882711844,1.48583991589976,0.8580759880274513,0.4692773975548121,-0.6324582250752444,0.6113584756095403,0.003928175661712885,-0.629459404350996,-0.3279540969305046,0.002879306674003601,0.12132239302849257,0.7524607844068996
103,3b848c3a-b03f-4766-9ba2-17c9b116c2c8VK9wXbkTDHach41f.png,0.4028941499351859,0.6902805844993622,-0.44097105466222786,0.4050728916353883,0.6951014435870775,0.4348340209238515,0.2947090715974525,-0.7434126029193395,0.703689134217619,-0.0003791945055127144,0.06706022770893583,-0.25281049768304875,-0.00013806670904159546,0.49263831974553796,0.64797768550849
104,3b359ca4-666f-40f2-839b-b863646e9631WJ81_3Z3SlPmYOsP.png,0.32267804593959415,1.1738146075530125,-0.6363009679331739,0.24073148004183142,1.1774905899639236,0.6312035833995324,0.3050302670866216,-0.6497217816247938,0.6437514309943904,0.00486379349604249,-0.4077364299516688,-0.3713560313067443,0.003663850948214531,0.24960940243816054,0.680459011516632
105,3ba38d93-1b48-432a-8857-221a1517c49bVDE1NGSBJyPLBRkc.png,0.381328835196733,1.458585662469389,-0.8671030913834556,0.35221815640324383,1.4621378744287625,0.8631694932730198,0.5368367990216569,-0.636059946072578,0.6041312856052503,0.0014530736953020096,-0.600752103004929,-0.2626380228004468,0.0016213739290833473,0.138702232875346,0.7745572260093709
106,3abf3632-bd07-4e3f-bc82-46cc0e1f8317Vy9loLwsRBSjeeUu.png,0.33925879496926026,1.4061379336268942,-0.7899362929487239,0.28938562980288296,1.4112929729337793,0.7844587381834955,0.5226331935736539,-0.6586682448315617,0.6263958022679077,0.0016824044287204742,-0.595209810718174,-0.23882313930893062,0.002346182242035866,0.1379079213669243,0.7807460576414478
107,3abd09bb-8f2c-46ed-9631-37d76c62a40cWihUyT_lmktLyRf5.png,0.4266081512510178,0.9907952408523641,-0.5897262352764585,0.42249976878383766,0.9961668784494435,0.5885973624459524,0.4161710873872053,-0.7240687927072047,0.6406271688784351,-0.0021362844854593277,-0.22495548856246472,-0.17639487884736127,-0.00027694646269083023,0.25566365235638244,0.6889134346792716
108,3b17e039-c47c-4ee3-a6e7-da605f2f401fXAofpnQE0UkqDCoK.png,0.4316059615902006,0.4012023178691919,-0.27485218061375605,0.43757878049010035,0.4074774797625622,0.2688121290773111,0.06882526541829037,-0.7576248920208215,0.7448491093249316,-0.00014528818428516388,0.31196906645369893,-0.31669642675209175,0.0003151083365082741,0.6316960411880004,0.5419906548238984
109,3b0062d4-7e25-47a8-9ea7-d7d853a44facVOroprwsRExXJugt.png,0.42586492372223717,0.40852952860069536,-0.2973481721743312,0.42385123049312856,0.4121126831729498,0.2922507876406897,0.10111488627314458,-0.7577121411141157,0.7232245892510996,-0.00018855556845664978,0.3161036269272586,-0.2876358791122442,-0.0010279621928930283,0.629590545610661,0.552259213014068
110,3c1e3d13-f5be-445e-837f-88002848822eWRAID9FH7GGvykJS.png,0.29537067451545607,1.2391282748336891,-0.6559999927899796,0.1696602839260697,1.2433488472313883,0.6505534723293778,0.312268774386645,-0.647663095153808,0.6427177898262144,0.004830849356949329,-0.47342015359091505,-0.35689753457856277,0.004947309382259846,0.2394391747035982,0.7056007072607287
